Lat,Long,ParkName
44.3500795,-068.2827935,Acadia NP
-14.275632,-170.7020420,American Samoa NP
38.7436290,-109.4993130,Arches NP
43.6252665,-102.8757417,Badlands NP
29.2502011,-103.2504520,Big Bend NP
25.6439925,-080.1664363,Biscayne NP
38.5847078,-107.7567253,Black Canyon of the Gunnison NP
37.6194310,-112.1665040,Bryce Canyon NP
38.1833209,-109.7340097,Canyonlands NP
38.2913688,-111.2623922,Capitol Reef NP
32.1231693,-104.5874502,Carlsbad Caverns NP
33.9980280,-119.7729490,Channel Islands NP
33.7440461,-080.6192539,Congaree NP
42.9415172,-122.1511399,Crater Lake NP
41.3792201,-081.6165134,Cuyahoga Valley NP
36.4832796,-117.1008929,Death Valley NP
63.1298870,-151.1974180,Denali NP
24.6651511,-082.8553984,Dry Tortugas NP
25.3128967,-080.9372932,Everglades NP
67.7633333,-153.3930556,Gates of the Arctic NP
38.6246910,-090.1847760,Gateway Arch NP
58.8352778,-136.8500000,Glacier Bay NP
48.7052530,-113.6328875,Glacier NP
36.0555385,-112.1396138,Grand Canyon NP
43.8332687,-110.7007671,Grand Teton NP
38.9349473,-114.2444390,Great Basin NP
37.7544451,-105.5591796,Great Sand Dunes NP
35.6117630,-083.4895480,Great Smoky Mountains NP
31.8912270,-104.8605035,Guadalupe Mountains NP
20.7047222,-156.1766667,Haleakala NP
19.4794880,-155.6028290,Hawaii Volcanoes NP
34.5215300,-093.0422670,Hot Springs NP
47.9865521,-088.8878574,Isle Royale NP
33.9166757,-115.9174968,Joshua Tree NP
58.4166667,-154.9166667,Katmai NP
59.9177778,-149.9708333,Kenai Fjords NP
36.9499378,-118.6009350,Kings Canyon NP
67.0255556,-158.9630556,Kobuk Valley NP
60.6369444,-153.3419444,Lake Clark NP
40.4809946,-121.3833085,Lassen Volcanic NP
37.1869890,-086.1005400,Mammoth Cave NP
37.2333289,-108.4798107,Mesa Verde NP
46.8528857,-121.7603744,Mount Rainier NP
48.6665143,-121.2515126,North Cascades NP
47.9692565,-123.4985193,Olympic NP
38.5560198,-122.6388739,Petrified Forest NP
36.4666316,-121.1760328,Pinnacles NP
41.2131810,-124.0046310,Redwood NP
40.3333178,-105.7088953,Rocky Mountain NP
32.2967380,-111.1666180,Saguaro NP
36.5754952,-118.5634281,Sequoia NP
38.5006808,-078.4497294,Shenandoah NP
46.9789644,-103.5387077,Theodore Roosevelt NP
18.3396764,-64.74958160,Virgin Islands NP
48.5001857,-092.8334833,Voyageurs NP
43.5810951,-103.4149172,Wind Cave NP
61.7104450,-142.9856870,Wrangell - St. Elias NP
44.4236910,-110.5885160,Yellowstone NP
37.8499232,-119.5676663,Yosemite NP
37.2999812,-113.0507768,Zion NP
